{"train/loss": 0.0, "train/grad_norm": NaN, "train/learning_rate": 0.0, "train/epoch": 0.0018349465571815221, "train/global_step": 10, "_timestamp": 1719119692.8756633, "_runtime": 39.38093328475952, "_step": 0, "_wandb": {"runtime": 39}}