{"train/loss": 0.0, "train/grad_norm": NaN, "train/learning_rate": 0.0, "train/epoch": 0.0073397862287260885, "train/global_step": 40, "_timestamp": 1719130041.1011415, "_runtime": 127.54631638526917, "_step": 3, "_wandb": {"runtime": 138}}