{"train/loss": 0.0, "train/grad_norm": NaN, "train/learning_rate": 0.0, "train/epoch": 0.0036698931143630442, "train/global_step": 20, "_timestamp": 1719119200.0602832, "_runtime": 69.8549292087555, "_step": 1, "_wandb": {"runtime": 72}}