{"train/loss": 0.0, "train/grad_norm": NaN, "train/learning_rate": 0.0, "train/epoch": 0.0036698931143630442, "train/global_step": 20, "_timestamp": 1719129096.5038784, "_runtime": 68.07008528709412, "_step": 1, "_wandb": {"runtime": 77}}