{"train/loss": 0.0, "train/grad_norm": NaN, "train/learning_rate": 0.0, "train/epoch": 0.0018349465571815221, "train/global_step": 10, "_timestamp": 1719136153.0656786, "_runtime": 38.398181676864624, "_step": 0, "_wandb": {"runtime": 46}}