{"train/loss": 0.0, "train/grad_norm": NaN, "train/learning_rate": 0.0, "train/epoch": 0.0018349465571815221, "train/global_step": 10, "_timestamp": 1719120290.3101065, "_runtime": 39.63610053062439, "_step": 0, "_wandb": {"runtime": 62}}