{"train/loss": 5823.0688, "train/grad_norm": NaN, "train/learning_rate": 0.0, "train/epoch": 0.0073397862287260885, "train/global_step": 40, "_timestamp": 1719132369.602751, "_runtime": 90.0885980129242, "_step": 3, "_wandb": {"runtime": 96}}